No,Frase
1,"205 años de independencia, identidad y orgullo de ser guatemaltecos."
2,"Guatemala: 205 años construyendo historia, identidad y futuro."
3,205 años de una nación que sigue construyendo su futuro.
4,"Celebramos 205 años de historia, diversidad y esperanza."
5,205 años de Guatemala: raíces que nos unen y sueños que nos impulsan.
6,"Nuestra historia nos identifica, nuestro presente nos compromete y nuestro futuro nos inspira."
7,205 años de independencia: honrando nuestra historia y construyendo el futuro.
8,"Guatemala, 205 años de identidad, cultura y tradición."
9,"¡Viva Guatemala! 205 años de orgullo, identidad y libertad."
10,Guatemala se lleva en el corazón. ¡Felices 205 años de independencia!
11,205 años y una misma tierra que nos une: Guatemala.
12,"Orgullosamente guatemaltecos, hoy y siempre. ¡205 años!"
13,De nuestras raíces nace nuestro orgullo. ¡Viva Guatemala!
14,"205 años de una tierra llena de historia, cultura y grandeza."
15,"Guatemala: tierra de colores, culturas, tradiciones y sueños."
16,"Que viva nuestra historia, que viva nuestra gente, que viva Guatemala."
17,"Guatemala es memoria, raíces, presente y esperanza. Hoy celebramos 205 años de historia."
18,"205 años después, seguimos llevando a Guatemala en el corazón."
19,Una historia que comenzó hace 205 años y que seguimos escribiendo juntos.
20,"Guatemala no es solamente un territorio; es nuestra historia, nuestra gente y nuestra identidad."
21,Celebrar Guatemala es celebrar nuestras raíces y la diversidad que nos hace únicos.
22,"205 años de historias que contar, raíces que preservar y sueños por construir."
23,"205 años de independencia. Celebramos nuestra historia, nuestra diversidad y el compromiso de seguir construyendo una Guatemala para todos."
24,"Guatemala cumple 205 años de independencia. Una fecha para recordar nuestras raíces, valorar nuestra identidad y mirar hacia el futuro."
25,205 años de Guatemala. Una historia que pertenece a todos y un futuro que seguimos construyendo.
26,"Hoy celebramos 205 años de independencia, pero también celebramos a su gente, sus culturas, sus paisajes y todo aquello que hace única a Guatemala."
27,205 años de orgullo y libertad.
28,¡Viva Guatemala!
29,205 años de historia y futuro.
30,"Guatemala, siempre en el corazón."
31,205 años construyendo nación.
32,"Guatemala: nuestras raíces, nuestro orgullo."
33,205 años de identidad y diversidad.
34,Una historia. Una nación. Guatemala.
35,"205 años, una Guatemala que sigue adelante."
36,Orgullo de ser guatemalteco.
